{
    "geraet": {
        "vanilla": "31766b16-1cab-4b3b-a48c-593fe1921459.vanilla", 
        "added": "31766b16-1cab-4b3b-a48c-593fe1921459.added", 
        "pruningThresholds": [], 
        "ngram": true, 
        "order": 3
    }, 
    "ort": {
        "vanilla": "d8d82b1f-a5e6-4d1e-831f-591433eb0379.vanilla", 
        "added": "d8d82b1f-a5e6-4d1e-831f-591433eb0379.added", 
        "pruningThresholds": [], 
        "ngram": true, 
        "order": 3
    }, 
    "snips/duration": {
        "vanilla": "77f87a77-b9a5-47f2-9872-d50333ee8a25.vanilla", 
        "added": "77f87a77-b9a5-47f2-9872-d50333ee8a25.added", 
        "pruningThresholds": [], 
        "ngram": false, 
        "order": 0
    }, 
    "gefuehl": {
        "vanilla": "945d1661-34c8-4f2e-abbd-da33ade06f99.vanilla", 
        "added": "945d1661-34c8-4f2e-abbd-da33ade06f99.added", 
        "pruningThresholds": [], 
        "ngram": true, 
        "order": 3
    }, 
    "zauber4": {
        "vanilla": "827895be-306d-4746-b426-f90e20ec5846.vanilla", 
        "added": "827895be-306d-4746-b426-f90e20ec5846.added", 
        "pruningThresholds": [], 
        "ngram": true, 
        "order": 3
    }, 
    "konkatinieren": {
        "vanilla": "e6c3110f-cda0-4667-b8a4-53400284fbb6.vanilla", 
        "added": "e6c3110f-cda0-4667-b8a4-53400284fbb6.added", 
        "pruningThresholds": [], 
        "ngram": true, 
        "order": 3
    }, 
    "snips/datetime": {
        "vanilla": "d6ab9fd9-687b-4f9c-b79d-1fbc4f732f6f.vanilla", 
        "added": "d6ab9fd9-687b-4f9c-b79d-1fbc4f732f6f.added", 
        "pruningThresholds": [], 
        "ngram": false, 
        "order": 0
    }
}