{
  "config": {
    "max_pattern_length": 1000, 
    "max_queries": 100, 
    "unit_name": "deterministic_intent_parser"
  }, 
  "group_names_to_slot_names": {
    "group_0": "ichMoechte", 
    "group_1": "ichMoechte", 
    "group_10": "datumZeit", 
    "group_11": "geraet", 
    "group_12": "ort", 
    "group_13": "zeit", 
    "group_14": "geraet", 
    "group_15": "ort", 
    "group_16": "zeit", 
    "group_17": "geraet", 
    "group_18": "ort", 
    "group_19": "geraet", 
    "group_2": "ichMoechte", 
    "group_20": "ort", 
    "group_21": "geraet", 
    "group_22": "ort", 
    "group_23": "geraet", 
    "group_24": "ort", 
    "group_3": "ichMoechte", 
    "group_4": "zauberWort", 
    "group_5": "geraet", 
    "group_6": "zeit", 
    "group_7": "datumZeit", 
    "group_8": "geraet", 
    "group_9": "datumZeit"
  }, 
  "language_code": "de", 
  "patterns": {
    "Oliver88:einAusSchalten": [
      "^\\s*ich\\s*(?P<group_1>%GEFUEHL%)\\s*jetzt\\s*$", 
      "^\\s*mache\\s*alle\\s*(?P<group_19>%GERAET%)\\s*im\\s*(?P<group_20>%ORT%)\\s*an\\s*$", 
      "^\\s*ich\\s*m\u00f6chte\\s*(?P<group_0>%GEFUEHL%)\\s*$", 
      "^\\s*mir\\s*ist\\s*(?P<group_3>%GEFUEHL%)\\s*$", 
      "^\\s*schalte\\s*das\\s*(?P<group_23>%GERAET%)\\s*im\\s*(?P<group_24>%ORT%)\\s*ein\\s*$", 
      "^\\s*schalte\\s*alle\\s*(?P<group_11>%GERAET%)\\s*im\\s*(?P<group_12>%ORT%)\\s*in\\s*(?P<group_13>%SNIPSDURATION%)\\s*aus\\s*$", 
      "^\\s*schalte\\s*die\\s*(?P<group_17>%GERAET%)\\s*im\\s*(?P<group_18>%ORT%)\\s*an\\s*$", 
      "^\\s*(?P<group_4>%ZAUBER4%)\\s*$", 
      "^\\s*ich\\s*h\u00e4tte\\s*gerne\\s*(?P<group_21>%GERAET%)\\s*im\\s*(?P<group_22>%ORT%)\\s*$", 
      "^\\s*schalte\\s*das\\s*(?P<group_8>%GERAET%)\\s*am\\s*(?P<group_9>%SNIPSDATETIME%)\\s*um\\s*(?P<group_10>%SNIPSDATETIME%)\\s*an\\s*$", 
      "^\\s*ich\\s*w\u00fcrde\\s*gerne\\s*(?P<group_2>%GEFUEHL%)\\s*$", 
      "^\\s*mache\\s*das\\s*(?P<group_5>%GERAET%)\\s*(?P<group_6>%SNIPSDURATION%)\\s*um\\s*(?P<group_7>%SNIPSDATETIME%)\\s*an\\s*$", 
      "^\\s*schalte\\s*das\\s*(?P<group_14>%GERAET%)\\s*im\\s*(?P<group_15>%ORT%)\\s*in\\s*(?P<group_16>%SNIPSDURATION%)\\s*ein\\s*und\\s*dann\\s*wieder\\s*aus\\s*$"
    ]
  }, 
  "slot_names_to_entities": {
    "Oliver88:einAusSchalten": {
      "datumZeit": "snips/datetime", 
      "geraet": "geraet", 
      "ichMoechte": "gefuehl", 
      "ort": "ort", 
      "zauberWort": "zauber4", 
      "zeit": "snips/duration"
    }
  }
}