{
  "id" : "proj_KMYl16nMk0OD",
  "name" : "Piwit3",
  "intents" : [ {
    "id" : "Oliver88:einAusSchalten",
    "type" : "registry",
    "version" : "0.61.0",
    "language" : "de",
    "slots" : [ {
      "name" : "geraet",
      "id" : "haj0PRChL",
      "entityId" : "entity_e5GkA8YlDn1o",
      "missingQuestion" : "",
      "required" : false
    }, {
      "name" : "ort",
      "id" : "L06uKGHN4",
      "entityId" : "entity_b0AXk3VBbMb",
      "missingQuestion" : "",
      "required" : false
    }, {
      "name" : "konkatinieren",
      "id" : "mpX6_i6Du",
      "entityId" : "entity_Za0qXvdGK4xW",
      "missingQuestion" : "",
      "required" : false
    }, {
      "name" : "zeit",
      "id" : "fGFrL-SbQ",
      "entityId" : "snips/duration",
      "missingQuestion" : "",
      "required" : false
    }, {
      "name" : "datumZeit",
      "id" : "uBYxwfgML",
      "entityId" : "snips/datetime",
      "missingQuestion" : "",
      "required" : false
    }, {
      "name" : "zauberWort",
      "id" : "fn8sXN7F1",
      "entityId" : "entity_W53a7KVeOWow",
      "missingQuestion" : "",
      "required" : false
    }, {
      "name" : "ichMoechte",
      "id" : "FTf0tfYdI",
      "entityId" : "entity_D6qnb2xmQ5q0",
      "missingQuestion" : "",
      "required" : false
    } ],
    "name" : "einAusSchalten"
  } ],
  "createdAt" : "2018-10-02T15:58:50.214Z",
  "language" : "de",
  "version" : {
    "nluModel" : "0.17.0"
  },
  "platform" : {
    "type" : "raspberrypi"
  },
  "asr" : {
    "type" : "snips"
  },
  "analyticsEnabled" : true,
  "heartbeatEnabled" : true,
  "hotword" : "hey_snips"
}