{
  "coeffs": [
    [
      -0.7097007855605321, 
      -0.3785919528466538, 
      -1.2769037328623254, 
      -0.9124876951493155, 
      -0.1854377753866334, 
      -2.0907506542400593, 
      -1.2733478123923663, 
      -1.5560038257615905, 
      -1.5560038257615905, 
      -1.004913883068966, 
      -1.791735377509796, 
      -1.312260553524976, 
      -0.3997873269970468, 
      -0.5635123064565349, 
      -1.0336069292954044, 
      -0.6214800276904704, 
      -1.3693313666323466, 
      -0.5047542503650845, 
      -2.3913461756918957, 
      -1.4974705416647591, 
      2.1445116616953777, 
      -0.7193000633950284
    ]
  ], 
  "config": {
    "data_augmentation_config": {
      "add_builtin_entities_examples": false, 
      "min_utterances": 20, 
      "noise_factor": 5, 
      "unknown_word_prob": 0.2, 
      "unknown_words_replacement_string": "unknownword"
    }, 
    "featurizer_config": {
      "pvalue_threshold": 0.4, 
      "sublinear_tf": false, 
      "use_stemming": true, 
      "word_clusters_name": null
    }, 
    "random_seed": null, 
    "unit_name": "log_reg_intent_classifier"
  }, 
  "featurizer": {
    "best_features": [
      0, 
      1, 
      4, 
      5, 
      6, 
      12, 
      13, 
      15, 
      16, 
      17, 
      20, 
      23, 
      24, 
      25, 
      26, 
      27, 
      28, 
      30, 
      31, 
      34, 
      36, 
      38
    ], 
    "config": {
      "pvalue_threshold": 0.4, 
      "sublinear_tf": false, 
      "use_stemming": true, 
      "word_clusters_name": null
    }, 
    "language_code": "de", 
    "tfidf_vectorizer": {
      "idf_diag": [
        4.4094961844768505, 
        4.4094961844768505, 
        3.1567332159814825, 
        4.186352633162641, 
        3.716349003916905, 
        5.102643365036796, 
        3.4932054526026954, 
        4.186352633162641, 
        3.1567332159814825, 
        3.4932054526026954, 
        5.102643365036796, 
        3.716349003916905, 
        4.186352633162641, 
        3.5985659682605218, 
        3.4932054526026954, 
        3.4932054526026954, 
        3.4932054526026954, 
        4.4094961844768505, 
        4.4094961844768505, 
        2.7047480922384253, 
        3.2308411881352046, 
        3.716349003916905, 
        4.697178256928631, 
        4.697178256928631, 
        4.697178256928631, 
        4.4094961844768505, 
        4.697178256928631, 
        4.4094961844768505, 
        4.4094961844768505, 
        3.849880396541428, 
        5.102643365036796, 
        3.4932054526026954, 
        3.2308411881352046, 
        5.102643365036796, 
        4.4094961844768505, 
        3.4932054526026954, 
        1.132351451484674, 
        4.186352633162641, 
        4.697178256928631
      ], 
      "vocab": {
        "all": 0, 
        "am": 1, 
        "an": 2, 
        "aus": 3, 
        "builtinentityfeaturesnipsdatetime": 4, 
        "builtinentityfeaturesnipsduration": 5, 
        "builtinentityfeaturesnipsnumber": 6, 
        "dann": 7, 
        "das": 8, 
        "die": 9, 
        "drei": 10, 
        "ein": 11, 
        "entityfeaturegefuehl": 12, 
        "entityfeaturegeraet": 13, 
        "entityfeaturekonkatinieren": 14, 
        "entityfeatureort": 15, 
        "flur": 16, 
        "gern": 17, 
        "hab": 18, 
        "ich": 19, 
        "im": 20, 
        "in": 21, 
        "jetzt": 22, 
        "koch": 23, 
        "lamp": 24, 
        "leinwandbeamer": 25, 
        "les": 26, 
        "licht": 27, 
        "mach": 28, 
        "mir": 29, 
        "mog": 30, 
        "schal": 31, 
        "sein": 32, 
        "uhr": 33, 
        "um": 34, 
        "und": 35, 
        "unknownword": 36, 
        "werd": 37, 
        "wied": 38
      }
    }, 
    "unknown_words_replacement_string": "unknownword"
  }, 
  "intent_list": [
    "Oliver88:einAusSchalten", 
    null
  ], 
  "intercept": [
    0.07080199137571097
  ], 
  "t_": 601.0
}